# ar,dec,name
13.15833333,-72.80027778,smc
80.89416667,-69.75611111,lmc
